<?xml version="1.0" encoding="UTF-8"?><?xml-stylesheet type='text/xsl' href='_UpgradeReport_Files/UpgradeReport.xslt'?><UpgradeLog>
<Properties><Property Name="Solution" Value="MailMergeAddIn">
</Property><Property Name="Solution File" Value="C:\Users\ben.hussey\Documents\dev\cfpb\update_1rb\MailMergeAddIn\MailMergeAddIn.sln">
</Property><Property Name="User Options File" Value="C:\Users\ben.hussey\Documents\dev\cfpb\update_1rb\MailMergeAddIn\MailMergeAddIn.suo">
</Property><Property Name="Date" Value="Tuesday, December 13, 2011">
</Property><Property Name="Time" Value="12:40 PM">
</Property></Properties><Event ErrorLevel="0" Project="" Source="MailMergeAddIn.sln" Description="File successfully backed up as C:\Users\ben.hussey\Documents\dev\cfpb\update_1rb\backup\MailMergeAddIn\Backup\MailMergeAddIn.sln">
</Event><Event ErrorLevel="0" Project="" Source="MailMergeAddIn.suo" Description="File successfully backed up as C:\Users\ben.hussey\Documents\dev\cfpb\update_1rb\backup\MailMergeAddIn\Backup\MailMergeAddIn.suo">
</Event><Event ErrorLevel="0" Project="MailMergeAddIn" Source="MailMergeAddIn\MailMergeAddIn.csproj" Description="Project file successfully backed up as C:\Users\ben.hussey\Documents\dev\cfpb\update_1rb\backup\MailMergeAddIn\Backup\MailMergeAddIn\MailMergeAddIn.csproj">
</Event><Event ErrorLevel="0" Project="MailMergeAddIn" Source="MailMergeAddIn\MailMergeAddIn.csproj.user" Description="Project user file successfully backed up as C:\Users\ben.hussey\Documents\dev\cfpb\update_1rb\backup\MailMergeAddIn\Backup\MailMergeAddIn\MailMergeAddIn.csproj.user">
</Event><Event ErrorLevel="0" Project="MailMergeAddIn" Source="MailMergeAddIn\SingleContactDataMapListView.cs" Description="File successfully backed up as C:\Users\ben.hussey\Documents\dev\cfpb\update_1rb\backup\MailMergeAddIn\Backup\MailMergeAddIn\SingleContactDataMapListView.cs">
</Event><Event ErrorLevel="0" Project="MailMergeAddIn" Source="MailMergeAddIn\SingleContactMailMergeControl.cs" Description="File successfully backed up as C:\Users\ben.hussey\Documents\dev\cfpb\update_1rb\backup\MailMergeAddIn\Backup\MailMergeAddIn\SingleContactMailMergeControl.cs">
</Event><Event ErrorLevel="0" Project="MailMergeAddIn" Source="MailMergeAddIn\SingleContactMailMergeControl.Designer.cs" Description="File successfully backed up as C:\Users\ben.hussey\Documents\dev\cfpb\update_1rb\backup\MailMergeAddIn\Backup\MailMergeAddIn\SingleContactMailMergeControl.Designer.cs">
</Event><Event ErrorLevel="0" Project="MailMergeAddIn" Source="MailMergeAddIn\DataMapListView.cs" Description="File successfully backed up as C:\Users\ben.hussey\Documents\dev\cfpb\update_1rb\backup\MailMergeAddIn\Backup\MailMergeAddIn\DataMapListView.cs">
</Event><Event ErrorLevel="0" Project="MailMergeAddIn" Source="MailMergeAddIn\MailMergeAddIn.cs" Description="File successfully backed up as C:\Users\ben.hussey\Documents\dev\cfpb\update_1rb\backup\MailMergeAddIn\Backup\MailMergeAddIn\MailMergeAddIn.cs">
</Event><Event ErrorLevel="0" Project="MailMergeAddIn" Source="MailMergeAddIn\MailMergeControl.cs" Description="File successfully backed up as C:\Users\ben.hussey\Documents\dev\cfpb\update_1rb\backup\MailMergeAddIn\Backup\MailMergeAddIn\MailMergeControl.cs">
</Event><Event ErrorLevel="0" Project="MailMergeAddIn" Source="MailMergeAddIn\MailMergeControl.Designer.cs" Description="File successfully backed up as C:\Users\ben.hussey\Documents\dev\cfpb\update_1rb\backup\MailMergeAddIn\Backup\MailMergeAddIn\MailMergeControl.Designer.cs">
</Event><Event ErrorLevel="0" Project="MailMergeAddIn" Source="MailMergeAddIn\MailMergeDocument.cs" Description="File successfully backed up as C:\Users\ben.hussey\Documents\dev\cfpb\update_1rb\backup\MailMergeAddIn\Backup\MailMergeAddIn\MailMergeDocument.cs">
</Event><Event ErrorLevel="0" Project="MailMergeAddIn" Source="MailMergeAddIn\MailMergeModalDialog.cs" Description="File successfully backed up as C:\Users\ben.hussey\Documents\dev\cfpb\update_1rb\backup\MailMergeAddIn\Backup\MailMergeAddIn\MailMergeModalDialog.cs">
</Event><Event ErrorLevel="0" Project="MailMergeAddIn" Source="MailMergeAddIn\MailMergeModalDialog.Designer.cs" Description="File successfully backed up as C:\Users\ben.hussey\Documents\dev\cfpb\update_1rb\backup\MailMergeAddIn\Backup\MailMergeAddIn\MailMergeModalDialog.Designer.cs">
</Event><Event ErrorLevel="0" Project="MailMergeAddIn" Source="MailMergeAddIn\Properties\AssemblyInfo.cs" Description="File successfully backed up as C:\Users\ben.hussey\Documents\dev\cfpb\update_1rb\backup\MailMergeAddIn\Backup\MailMergeAddIn\Properties\AssemblyInfo.cs">
</Event><Event ErrorLevel="0" Project="MailMergeAddIn" Source="MailMergeAddIn\Properties\Resources.Designer.cs" Description="File successfully backed up as C:\Users\ben.hussey\Documents\dev\cfpb\update_1rb\backup\MailMergeAddIn\Backup\MailMergeAddIn\Properties\Resources.Designer.cs">
</Event><Event ErrorLevel="0" Project="MailMergeAddIn" Source="MailMergeAddIn\RnConnect.cs" Description="File successfully backed up as C:\Users\ben.hussey\Documents\dev\cfpb\update_1rb\backup\MailMergeAddIn\Backup\MailMergeAddIn\RnConnect.cs">
</Event><Event ErrorLevel="0" Project="MailMergeAddIn" Source="MailMergeAddIn\WebServiceApi.cs" Description="File successfully backed up as C:\Users\ben.hussey\Documents\dev\cfpb\update_1rb\backup\MailMergeAddIn\Backup\MailMergeAddIn\WebServiceApi.cs">
</Event><Event ErrorLevel="0" Project="MailMergeAddIn" Source="MailMergeAddIn\WordInterop.cs" Description="File successfully backed up as C:\Users\ben.hussey\Documents\dev\cfpb\update_1rb\backup\MailMergeAddIn\Backup\MailMergeAddIn\WordInterop.cs">
</Event><Event ErrorLevel="0" Project="MailMergeAddIn" Source="MailMergeAddIn\Resources\MailMerge16.png" Description="File successfully backed up as C:\Users\ben.hussey\Documents\dev\cfpb\update_1rb\backup\MailMergeAddIn\Backup\MailMergeAddIn\Resources\MailMerge16.png">
</Event><Event ErrorLevel="0" Project="MailMergeAddIn" Source="MailMergeAddIn\Resources\MailMerge32.png" Description="File successfully backed up as C:\Users\ben.hussey\Documents\dev\cfpb\update_1rb\backup\MailMergeAddIn\Backup\MailMergeAddIn\Resources\MailMerge32.png">
</Event><Event ErrorLevel="0" Project="MailMergeAddIn" Source="MailMergeAddIn\Resources\MailMerge64.png" Description="File successfully backed up as C:\Users\ben.hussey\Documents\dev\cfpb\update_1rb\backup\MailMergeAddIn\Backup\MailMergeAddIn\Resources\MailMerge64.png">
</Event><Event ErrorLevel="0" Project="MailMergeAddIn" Source="MailMergeAddIn\Resources\WordExport.png" Description="File successfully backed up as C:\Users\ben.hussey\Documents\dev\cfpb\update_1rb\backup\MailMergeAddIn\Backup\MailMergeAddIn\Resources\WordExport.png">
</Event><Event ErrorLevel="0" Project="MailMergeAddIn" Source="MailMergeAddIn\Resources\Save64.bmp" Description="File successfully backed up as C:\Users\ben.hussey\Documents\dev\cfpb\update_1rb\backup\MailMergeAddIn\Backup\MailMergeAddIn\Resources\Save64.bmp">
</Event><Event ErrorLevel="0" Project="MailMergeAddIn" Source="MailMergeAddIn\Resources\Image1.bmp" Description="File successfully backed up as C:\Users\ben.hussey\Documents\dev\cfpb\update_1rb\backup\MailMergeAddIn\Backup\MailMergeAddIn\Resources\Image1.bmp">
</Event><Event ErrorLevel="0" Project="MailMergeAddIn" Source="MailMergeAddIn\Resources\SaveButton.bmp" Description="File successfully backed up as C:\Users\ben.hussey\Documents\dev\cfpb\update_1rb\backup\MailMergeAddIn\Backup\MailMergeAddIn\Resources\SaveButton.bmp">
</Event><Event ErrorLevel="0" Project="MailMergeAddIn" Source="MailMergeAddIn\Resources\OpenButton.bmp" Description="File successfully backed up as C:\Users\ben.hussey\Documents\dev\cfpb\update_1rb\backup\MailMergeAddIn\Backup\MailMergeAddIn\Resources\OpenButton.bmp">
</Event><Event ErrorLevel="0" Project="MailMergeAddIn" Source="MailMergeAddIn\SingleContactMailMergeControl.resx" Description="File successfully backed up as C:\Users\ben.hussey\Documents\dev\cfpb\update_1rb\backup\MailMergeAddIn\Backup\MailMergeAddIn\SingleContactMailMergeControl.resx">
</Event><Event ErrorLevel="0" Project="MailMergeAddIn" Source="MailMergeAddIn\MailMergeControl.resx" Description="File successfully backed up as C:\Users\ben.hussey\Documents\dev\cfpb\update_1rb\backup\MailMergeAddIn\Backup\MailMergeAddIn\MailMergeControl.resx">
</Event><Event ErrorLevel="0" Project="MailMergeAddIn" Source="MailMergeAddIn\MailMergeModalDialog.resx" Description="File successfully backed up as C:\Users\ben.hussey\Documents\dev\cfpb\update_1rb\backup\MailMergeAddIn\Backup\MailMergeAddIn\MailMergeModalDialog.resx">
</Event><Event ErrorLevel="0" Project="MailMergeAddIn" Source="MailMergeAddIn\Properties\Resources.resx" Description="File successfully backed up as C:\Users\ben.hussey\Documents\dev\cfpb\update_1rb\backup\MailMergeAddIn\Backup\MailMergeAddIn\Properties\Resources.resx">
</Event><Event ErrorLevel="0" Project="MailMergeAddIn" Source="MailMergeAddIn\MailMergeAddIn.csproj" Description="Project converted successfully">
</Event><Event ErrorLevel="3" Project="MailMergeAddIn" Source="MailMergeAddIn\MailMergeAddIn.csproj" Description="Converted">
</Event><Event ErrorLevel="0" Project="" Source="MailMergeAddIn.sln" Description="Solution converted successfully">
</Event><Event ErrorLevel="3" Project="" Source="MailMergeAddIn.sln" Description="Converted">
</Event><Event ErrorLevel="0" Project="MailMergeAddIn" Source="MailMergeAddIn\MailMergeAddIn.csproj" Description="Scan complete: Upgrade not required for project files.">
</Event></UpgradeLog>